CVS,Tylenol Extra Strength Caplets 500 Mg 225 Count,10.45
Walmart,Tylenol Extra Strength Caplets 500 Mg 225 Count,14.97
Target,Tylenol Extra Strength Caplets 500 Mg 225 Count,14.99
Vitacost,Tylenol Extra Strength Caplets 500 Mg 225 Count,17.22
Family OTC,Tylenol Extra Strength Caplets 500 Mg 225 Count,18.77
CVS,Pepto-Bismol Liquid 5 Symptom Digestive Relief Original - 8 fl oz bottle,4.79
Walmart,Pepto-Bismol Liquid 5 Symptom Digestive Relief Original - 8 fl oz bottle,4.28
Target,Pepto-Bismol Liquid 5 Symptom Digestive Relief Original - 8 fl oz bottle,4.39
Rite Aid,Pepto-Bismol Liquid 5 Symptom Digestive Relief Original - 8 fl oz bottle,4.29
Dollar General,Pepto-Bismol Liquid 5 Symptom Digestive Relief Original - 8 fl oz bottle,4.65
Walgreens,Pepto-Bismol Liquid 5 Symptom Digestive Relief Original - 8 fl oz bottle,5.92
Target,Mucinex Expectorant 12 Hour Maximum Strength 1200 mg Extended-Release Bi-Layer Tablets - 7 tablets,6.99
Kroger,Mucinex Expectorant 12 Hour Maximum Strength 1200 mg Extended-Release Bi-Layer Tablets - 7 tablets,7.99
Vitacost,Mucinex Expectorant 12 Hour Maximum Strength 1200 mg Extended-Release Bi-Layer Tablets - 7 tablets,7.99
CVS,Metamucil MultiHealth Fiber Supplement Powder Smooth Orange - 48.2 oz,15.99
Walmart,Metamucil MultiHealth Fiber Supplement Powder Smooth Orange - 48.2 oz,18.44
Family OTC,Metamucil MultiHealth Fiber Supplement Powder Smooth Orange - 48.2 oz,23.36
